rank,channel_id,channel_name
1,UChBQgieUidXV1CmDxSdRm3g,Citizen TV Kenya
2,UCg-p3lQIqmhh7gHpyaOmOiQ,영국남자 Korean Englishman
3,UC0YG5UA1s2gLb5tDfUCIWtg,Churchill Television
4,UC2O6vD7gjgZIXKVegD6qOHA,Bahati Kenya
5,UCa2gldA2ivhzMwIJRA5683w,Lynn Ngugi
6,UCl6ICaB9meBcSMQ5Zmr446g,Tuko / Tuco - Kenya
7,UCZlNMLTVNxzwB0axilK-rDw,Inooro TV
8,UCdYjYt4YGhEbCGMv1fbv0pg,Ebru TV Kenya
9,UC_9xRXWjRrz_Jy7SWhUnBBw,Obinna TV Extra
10,UCcBNWxvAXH-nTAzOeuuLHgw,Eyeconic Media
11,UCk3buHLJP6KAcbtsw8fj4hg,New Life TV KENYA
12,UCJvhxJf8-Bne99uzuQpFIpg,Dr. King'ori (Felixe JaSiaya)
13,UC_zA9UIWE1fB-jfFk_DBSYw,TV47 Kenya
14,UCkV9PCA7E-WSSN9Px9kKj8A,Terence Creative
15,UCCtSJrR-qSqt7geJsRNoZSQ,Kenya News Channel
16,UCMD-JmezXoQiV9PiWLwVpGQ,Presenter Ali
17,UCOsHyjujol57SIFR0imyEKQ,Radio Jambo KENYA
18,UC9FaKg_tN9nEfyTsRfwBfJQ,Senior Dave
19,UChQXn6sL9ENIpA74qqPG1HA,3MenArmy Kenya
20,UC7oHVjk5RkwqtboQc06I1Gg,Wambui wa Mwangi
21,UCSVT1XTcae5Flp94OODu4mw,The Obinnaz
22,UC5h4-WH0LAV4CWs380yM33A,Iko Nini Podcast
23,UCEMsE6ZgO2sYnFBGxQK9vPA,Riba
24,UCcs_Wg2z1Dx0kZMqp_vQVPw,Kenyan Magazine TV 
25,UC0kFUQNwtbKJlfzTfj4x4YQ,SpiceFM
26,UCfdQZXHsR1L2g4jDrMmVMTw,As Told By Kenya
27,UCD-Mf4F5ZQ1Jw-nb2gqD1mw,Engage Talk
28,UC9xBLAzNAgV9SfnJuXhGnOw,CTA - Cleaning The Airwaves
29,UCbxud_mmyLzNUS5QKMNPwFQ,Kiss 100 Kenya
30,UCE3KVkSH1GwUtAAMcVcJ3QQ,UpSyd Digital Networks
31,UCP6h0y-N-FUo8ATdUNpyxOA,Obinna TV Updates
32,UC6fVFxrbf0HDRW3B2mdWFGA,TMI Podcast KE
33,UCRkaMwkZdDO4-SPwMPJo4ag,AMTV
34,UCR3vMYVjtOA9vg_gLnjU9Aw,Twinshangout Kenya
35,UCFjDXCjGIhYyAYI_zF-a9iA,The BOLD 
36,UC-ugP6AcvKwiO8gs5BnEXkA,Hope Channel Kenya
37,UCZF83-HDYyqiCuwoJCrnVUA,SKY Girls KE
38,UCmVjYcuoHK0-AtGH3FDQcQA,Esther Mofrey
39,UCCjULCQvh2cQQLzYe4DC2Nw,The Joy Ride
40,UC5grh1yDJAGg3w_3wzQVOyg,eastmeetswest254
41,UCBXe79nnuPRYci4acLafjHA,Auto Konnekt Kenya
42,UCmBQsChFjOTcqv7D6sT8dPw,ManTalk Ke
43,UCgrAIOyT2rROw4NRIx3b-Wg,The Kenyan Wall Street
44,UCJaAEKdF09P5dXJ6jUZOt2A,Obinna Tv Sports
45,UCq9K26KI96tZEQrSomHSjqg,Simy Kenya TV
46,UCEYqAce8R78wNRAkb8wIuVQ,The Sandwich Podcast KE
47,UCrPp9IdWW25xZzBQOqo9bxg,🎙️CTRH Podcast
48,UCkZKGnWZWb-S9wJdz9IGDTw,Sajid Vayani
49,UCGQGWWbj1NCbgndE4TMvl2w,Simple Boy Creatives
50,UCKg6e0Z4v_u3m8DVvTuSU-g,Legally Clueless
51,UC8imWY2k_ODydqKfqqSZyYw,Kenya News Pulse Tv
52,UCx1WDOZzmyIa1MlK1W3RdOg,"It's Related, I Promise"
53,UCYWWUTwlrj_bB-iDpD_CEIQ,Radio Generation - Kenya
54,UCo2vwTYsxM2gVJGAsuqgzwg,Elevate TV Kenya
55,UCR0SvwY_QW7XrsaCZ_youXg,ZOZA PODCAST
56,UCTICBpc5zleogowJEW9tX_Q,Black n White Podcast
57,UCQiWlJuf6gJo3WkUBxpCbjg,That's It Podcast
58,UC8mzAHGc6_oc-NMMjAhgzyQ,Two Peas In A Pod
59,UCWSg6aESeaQTc3cBb6v4Z8w,The Kenya Times
60,UCHFRjuT0oBt6l1vsVnldBJw,Nairobi Chapel
61,UCUIuGaGqU-RnmWydZlJuZtg,MASSA TV OFFICIAL KENYA
62,UCvwba35FEavz4kkmbZLG4Pw,Patience Joseph Kenya
63,UC_9V8tpBOjB75EC9-ojG2eg,Inside Kenyan Politics
64,UCcUMipJ0CCxB7Ujq7VFxchw,Islamically Correct Podcast
65,UCPFeDo5dKpVmF_5zoMkyXSw,The Bad Natives Podcast
66,UCiFwqkmw9z5nvxgWl7Umv3A,Kenya Politics Today
67,UCsfK32q0jHFYiQGLfuGBi4A,Hornsphere
68,UCLEbibgwOY787d16dXshmbg,Judicial Service Commission of Kenya 
69,UCWgQRp7Ops6PGLEVLxZzqrQ,The Elephant
70,UCuZTHA5RaqiVrnCYmOOv0sQ,BTP Studios Kenya
71,UCZ8VR0jKlh4K0yRroobIOGw,PodcastPro Kenya
72,UCUc4W23onOq0760D6PnmuzQ,Be Different Podcast
73,UCi9Qixd2iR0_uHoZfdBexDg,Daddy X Mo Podcast 
74,UCl7PcSdEok9bvdcfXs-eQRQ,Speak Life
75,UCbGBRThoVcM1EdOtkxIxQJw,Obinna TV News
76,UCPJdjLJzDzwehoJaUQaUk_w,PAMELA'S WORLD KENYA 
77,UC-pNvh1Q6QL5ZQk6l4uGqrg,OSBKE
78,UC_wEpaDe8rpr9Z3zhi81ETQ,The Golden Voice Live 
79,UCPqcDRd1ppPXkPq_USy32bg,The 30 Percent Pod
80,UCRurWvtzp-DSZbL2qgjxFdg,Panel54 Podcast
81,UC3aQT2LJzj7JAr6uSsw9gwg,Love Matters Kenya
82,UCcM0pGfHMkUzfhukDzHgYaw,Kipusa Kenya
83,UC0kN7Pa0RdmE6b7I5D_buzA,Kenya M.
84,UCpqj99nPg5gaOmOQNccRSww,SleekCast Podcast
85,UCMuqjqtUVomktMSjJJS6rBQ,IHRM KENYA
86,UCX5O_rYkTm_HW7os8V9AbVA,Kenya Private Sector Alliance (KEPSA)
87,UCmxLckHnQcfAAuS9AChZM7A,malindi kenya
88,UCKiTp-tq2d06fBSVnlKuhKg,The Boys in blue podcast  kenya 
89,UCOdBdIQ7m6_RDzxkb9aZKwg,Truly Kenya
90,UC5dbxEO0Xx4olQ53orSvIlQ,RISE MEDIA KENYA
91,UCX9I3AfzYia16ExKWisGZiw,Massive TV Kenya
92,UC2fJ7DrZ6JqXkz_NWxIWnFg,KENYA NEWS BROADCAST
93,UCP8-q_PyC0efY_ZU229qFNQ,Radio44 Kenya
94,UCjfMlckkAeWGr2Te15NrAJA,Kenya Madness 
95,UCrB_DcqpO4L1Yn42hHtybFQ,LARRY MOSES
96,UCum5Ggsd4uv0qRkAMCBDJZw,MaForeign Podcast
97,UCfwlEIqxgh3uhKCaDhR9GOg, Pentagon Kenya
98,UC50WRXtIhEi3to7Y0X6fdew,The Get Lit Podcast
99,UCGhDUAVEAQan8r1L6LZaH-A,Presenter Babjii
100,UCngeQOWlAKseeBfdGOPY8Yg,Talk Film To Me Podcast
101,UCYLwaDaXEavRhQ4S35SPuKA,Kenya Updates Network -KUNTV
102,UCKF4RCmR4WQoVzzvjG71k5Q,The What Even Podcast
103,UC_Z62_Gelo8eoWVAY-Tvlwg,KENYAN PODCAST SHOW
104,UC4VxWheSb8EjChmaimRybBA,KENYA DIARIES
105,UCneg6ExrlbcRTFRysUPHHKQ,The Youth Café
106,UCetghnFpXF1FDG0F51ovbAA,THE SURREAL EXPERIENCE 254 🇰🇪
107,UCfn3M-wMNvmr1TETPmKcpjg,Hoodtalk Podcast 254
108,UCYcynN2gZOjVEUrQEissJEw,The Kenyan Life Podcast
109,UCV8685vuurheWRHqcozMslA,Venus Tv Kenya
110,UC0jR50r5ZeuZQofJIhy9vPg,The Vault KENYA
111,UCt3O9c9h1HvVWYXMPHmmdTg,013 PODCAST KENYA
112,UC6_o7YsIcYWnbkqxlWCIpeQ,BC NETWORK KENYA
113,UCCY11AU5WMY_WjZZAw_PNsA,Koree Yie
114,UCdTl3OaWU7bQZdMj9a6Kp5Q,Tuff Podcast Kenya
115,UC0sEa3uz2pofm-hlnHx21Tg,Daddy J 1 on 1 Podcast
116,UCDcj63orAsaNYQhyX3JOq2Q,Vipaji Kenya
117,UCJHS9Fm-3eExVxlyctop3Ew,The Mababu Podcast KE
118,UCVE5ZQ9R34FUif1-8-pt7Gw,On A Friday Podcast
119,UCmzrxzKtOVs3c0z9XLZC_ww,THE ROOM - With Dir. Danteh
120,UCdfxJulcY8gYOC8Dm2T7lZw,Knight Frank Kenya
121,UCSURNSMH_Z58T0x1qEPxixA,KENYA DIGITAL NEWS
122,UCChkjestKFFKHuiP8nSn8og,Nextgen Beyond Talent Podcast by Dr Boit
123,UCHdOgz_mpuoOdImxuREIwCQ,TRUE KENYAN FLAVOUR PODCAST
124,UC_JXNZ74vEqZere1sAkiicA,The Kenyan podcast
125,UCCU6P2ZLubIq5iHWml3wOVA,MaYouth Kenya (Podcast)
126,UCGaYSf2V9K0ZA1Fxl7vBMAA,OTR Podcast KE
127,UC8RGFqfpxWXy72kHRBcIaow, THE DINERS CLUB
128,UCIUGRCXtAJzhYN1urA2-nnQ,CelebScope
129,UCDsa6pu36y-3QtcWuHrLlcA,KENYA'S FAVORITES PODCAST
130,UCFjuYsboobnF4MJs3vj4hYA,PRO TV KENYA
131,UCFMma0gjV8KxytlX8Pijn7g,GENZ talk show  Kenya 
132,UCBXNAw9j3esMX7HIOSSNvAQ,Day One Podcast Kenya
133,UC9SnsF4x-VJgByNSRLp7nBQ,The High Talk Kenya
134,UCNqvTLRb2h000xwmKOWzgzw,The Nairobi Dialogue
135,UCxrnuPpbDqF-xfhxETgOXZw,Galaxy Podcast Kenya
136,UCG4alNwXXPfiJzOfYv0oe2A,NOW WHAT? Kenyan Podcast 
137,UCv2ge3b9hYTXi5DMKNyKpog,GEFF NYAKUNDI THE PRESENTER  MEDIA
138,UCDIXP0tE-EN0T34fB7e1dFQ,Kenya Wins Podcast
139,UC0uJ__eLU_Z7CokGKUQjzkw,Eazy TV Kenya
140,UCRHT68hklyvPfIW0LBr0PAg,Kenyan Talk Line
141,UC_PfgekH5UjTe0RcX-1ViuA,Learn with me
142,UCdp9DRuJWjawaUnlIgkUIWw,NGUMZO PODCAST KENYA
143,UCZCtmCEpflgtfc8wLoSl2RQ,Half Full Podcast
144,UCIHtAW-y51jiObRMrlLQpyQ,Kenya Unfiltered
145,UChKV1lwcEOON6Sdc7v0gqMg,Nairobi Teacher & Family Podcast
146,UCiKh2aIFblPGtLLK09fEMqA,Kenyan Arnachist
147,UCJqNVjpuci0NTVpGmjnc6sA,Mdomo Wazi Podcast
148,UC7JDXnv4ZHhFZ5XsBnf9evA,MG100 KENYA
149,UCN0MZqnXVpioYbu7N1E08Pw,Soul boy
150,UCvGDCI9pN6L98VRoCoUMMRA,Kisses From Kenya
151,UC569AyAtQFsX0mKG5w2Gbtg,The Break Time Podcast with Denver B
152,UC0Sw3Ovq6pjwupK5m6KCpwA,She Knows Her Story Podcast
153,UCYi4QdrP-vPkbJ2rN0Pb35g,Kenyan Love Talks & Advice podcast
154,UCQFja3n1zr4YqVVDUOTw8pQ,Let’s Talk About It! With Kenya
155,UCZPgE3LFvpt0eZammoVf6rQ,Kenya Feel Me?
156,UCd-ySVrUYn4q3P2BduCoQ_Q,BEING KENYAN PODCAST
157,UC-KhQkCyDkfnXWvk2ftLS8w,Nairobi Podcast Studio.
158,UCwGBF4-qaUOlix0-7gJgXZA,Woman Kenya Network
159,UC-obZ9sGv20WiiY5JckvUAw,Kona Ya Kenya Podcast
160,UCI-IWUbmBSkYUccMNVnj7QQ,Blackstreet Podcast 
161,UC6pR5PwifV9b_lpnzbNnr5w,Nerd kenya podcast 
162,UCLhPRnHmWTrxxtK-emKaz2w,Kenya Blue
163,UCuEcLRiKOXdvQGmWvHYz3Dw,Prosoya Kenya Interview @ GBS
164,UCWyvW8Hzp6j4acsUtVx4o0g,ON THE TABLE PODCAST KENYA
165,UCCiNVrIvphH-VnvPgUMLymw,STV KENYA 
166,UCO8eWiF-795K_Mlj1qvr8zQ,The Tajiri Podcast Kenya
167,UCOUo-qGi0ccd8IDjPFg5OXA,KENYAN POLITICS CORNER
168,UCFZ6hHWKXv_PSA6F2EA0QcQ,The Nairobi Podcast
169,UCjQfVY7URHQ7qA-S5NkUM0g,Kenya Victims Co-operatives
170,UC1wOSz4HQucysssDZ4zU-lg,Kenya News Podcast
171,UCW8XhYEn2T8SIa2dF-vrxDw,JONTEL GRAPHICS AND RESEARCH CENTRE
172,UC6YcN58VhvYamUiKa7jHFqA,Open Podcast Kenya
